name,label,use_gnss,gnss_min_interval,gnss_min_cov_xy,gnss_min_cov_z,ekf_vs_odom_mean,ekf_vs_odom_p95,ekf_vs_odom_max,ekf_vs_gnss_mean,ekf_vs_gnss_p95,ekf_vs_gnss_max,ekf_vs_rigid_gnss_mean,ekf_vs_rigid_gnss_p95,ekf_vs_node_gnss_path_mean,ekf_vs_node_gnss_path_p95,gnss_rigid_yaw_rad,ekf_step_p95,ekf_step_max,reset_count,odom_realign_count,odom_weak_count,gnss_reject_count,gnss_weak_count,gnss_yaw_alignment_count,score
no_gnss,No GNSS,false,,,,0.08038985664249636,0.2918637999886635,1.0601250779884086,0.9294178662805567,1.0213803212764627,1.6213506879737536,0.0831905915487772,0.29497417674654824,,,0.004515217611415738,0.053675265152570074,0.9203130251825311,0,0,0,0,0,0,0.42194239442624043
gnss_very_conservative,Weak GNSS,true,1.0,100.0,144.0,0.08612353042366228,0.33948997025327937,1.1841009425082385,0.9531152043741635,1.0599702629683219,1.6680680966868044,0.08907987512774775,0.3443553868309446,1.039580157620984,1.301511826804968,0.003690675784702806,0.054287491735994585,0.7625383164900909,0,0,0,0,0,1,0.8221628555030154
gnss_conservative,Conservative,true,1.0,64.0,100.0,0.0854444918155145,0.3347935184480631,1.165975486686195,0.8860172671626203,0.9741591286782822,1.5381858329922284,0.08730975442288234,0.32400943356002176,0.5485966803920425,0.6629763939534247,0.003562758936578108,0.05195715595465685,0.8887314472038755,0,0,0,0,0,1,0.5928138343090902
gnss_medium,Medium,true,0.75,36.0,64.0,0.13842198754151622,0.3962327281454485,1.3622824302078393,0.9913943180992301,1.1815573177899223,2.1509560462905988,0.13384712781516045,0.3762599004472268,0.671930612676248,0.9258019965361677,-0.003396577620896779,0.065745374863678,0.9470759613260057,0,0,0,0,0,1,0.7531361143649462
gnss_balanced,Strong GNSS,true,0.5,16.0,25.0,0.08533207625939677,0.3343251477768643,1.0329880418360777,0.9561495635195714,1.0731810671914215,1.941931069435101,0.085595358709685,0.31924596534473176,1.0655284227509687,1.3495982641803776,0.003389193894931617,0.05559233706964428,0.6442502595913678,0,0,0,0,0,1,0.8344807087748185
