{
  "bag": "all_gps.bag",
  "best": "no_gnss",
  "evaluator_topics": {
    "aligned_gnss_path": "/ekf/gnss_path",
    "ekf": "/ekf/ekf_odom",
    "gnss": "/mavros/global_position/global",
    "odom": "/mavros/odometry/in"
  },
  "extra_launch_args": [],
  "extra_play_args": [],
  "results": [
    {
      "metrics": {
        "ekf_count": 1207,
        "ekf_step_max": 0.9203130251825311,
        "ekf_step_p95": 0.053675265152570074,
        "ekf_vs_aligned_gnss": {
          "count": 1207,
          "max": 1.6213506879737536,
          "mean": 0.9294178662805567,
          "p95": 1.0213803212764627
        },
        "ekf_vs_node_gnss_path": {
          "count": 0,
          "max": null,
          "mean": null,
          "p95": null
        },
        "ekf_vs_odom": {
          "count": 1207,
          "max": 1.0601250779884086,
          "mean": 0.08038985664249636,
          "p95": 0.2918637999886635
        },
        "ekf_vs_rigid_gnss": {
          "count": 1207,
          "max": 1.0308485485062677,
          "mean": 0.0831905915487772,
          "p95": 0.29497417674654824
        },
        "gnss_count": 1302,
        "gnss_reject_count": 0,
        "gnss_rigid_yaw_rad": 0.004515217611415738,
        "gnss_weak_count": 0,
        "gnss_yaw_alignment_count": 0,
        "node_gnss_path_count": 0,
        "odom_count": 824,
        "odom_realign_count": 0,
        "odom_weak_count": 0,
        "reset_count": 0,
        "score": 0.42194239442624043
      },
      "trial": {
        "name": "no_gnss",
        "use_gnss": "false"
      }
    },
    {
      "metrics": {
        "ekf_count": 1207,
        "ekf_step_max": 0.7625383164900909,
        "ekf_step_p95": 0.054287491735994585,
        "ekf_vs_aligned_gnss": {
          "count": 1207,
          "max": 1.6680680966868044,
          "mean": 0.9531152043741635,
          "p95": 1.0599702629683219
        },
        "ekf_vs_node_gnss_path": {
          "count": 78,
          "max": 1.312231313087223,
          "mean": 1.039580157620984,
          "p95": 1.301511826804968
        },
        "ekf_vs_odom": {
          "count": 1207,
          "max": 1.1841009425082385,
          "mean": 0.08612353042366228,
          "p95": 0.33948997025327937
        },
        "ekf_vs_rigid_gnss": {
          "count": 1207,
          "max": 1.1625466977474577,
          "mean": 0.08907987512774775,
          "p95": 0.3443553868309446
        },
        "gnss_count": 1302,
        "gnss_reject_count": 0,
        "gnss_rigid_yaw_rad": 0.003690675784702806,
        "gnss_weak_count": 0,
        "gnss_yaw_alignment_count": 1,
        "node_gnss_path_count": 8,
        "odom_count": 824,
        "odom_realign_count": 0,
        "odom_weak_count": 0,
        "reset_count": 0,
        "score": 0.8221628555030154
      },
      "trial": {
        "gnss_min_cov_xy": "100.0",
        "gnss_min_cov_z": "144.0",
        "gnss_min_interval": "1.0",
        "name": "gnss_very_conservative",
        "use_gnss": "true"
      }
    },
    {
      "metrics": {
        "ekf_count": 1207,
        "ekf_step_max": 0.8887314472038755,
        "ekf_step_p95": 0.05195715595465685,
        "ekf_vs_aligned_gnss": {
          "count": 1207,
          "max": 1.5381858329922284,
          "mean": 0.8860172671626203,
          "p95": 0.9741591286782822
        },
        "ekf_vs_node_gnss_path": {
          "count": 69,
          "max": 0.6900623138574221,
          "mean": 0.5485966803920425,
          "p95": 0.6629763939534247
        },
        "ekf_vs_odom": {
          "count": 1207,
          "max": 1.165975486686195,
          "mean": 0.0854444918155145,
          "p95": 0.3347935184480631
        },
        "ekf_vs_rigid_gnss": {
          "count": 1207,
          "max": 1.1374365277873815,
          "mean": 0.08730975442288234,
          "p95": 0.32400943356002176
        },
        "gnss_count": 1302,
        "gnss_reject_count": 0,
        "gnss_rigid_yaw_rad": 0.003562758936578108,
        "gnss_weak_count": 0,
        "gnss_yaw_alignment_count": 1,
        "node_gnss_path_count": 7,
        "odom_count": 824,
        "odom_realign_count": 0,
        "odom_weak_count": 0,
        "reset_count": 0,
        "score": 0.5928138343090902
      },
      "trial": {
        "gnss_min_cov_xy": "64.0",
        "gnss_min_cov_z": "100.0",
        "gnss_min_interval": "1.0",
        "name": "gnss_conservative",
        "use_gnss": "true"
      }
    },
    {
      "metrics": {
        "ekf_count": 1207,
        "ekf_step_max": 0.9470759613260057,
        "ekf_step_p95": 0.065745374863678,
        "ekf_vs_aligned_gnss": {
          "count": 1207,
          "max": 2.1509560462905988,
          "mean": 0.9913943180992301,
          "p95": 1.1815573177899223
        },
        "ekf_vs_node_gnss_path": {
          "count": 97,
          "max": 0.9731252921224893,
          "mean": 0.671930612676248,
          "p95": 0.9258019965361677
        },
        "ekf_vs_odom": {
          "count": 1207,
          "max": 1.3622824302078393,
          "mean": 0.13842198754151622,
          "p95": 0.3962327281454485
        },
        "ekf_vs_rigid_gnss": {
          "count": 1207,
          "max": 1.3164915535033415,
          "mean": 0.13384712781516045,
          "p95": 0.3762599004472268
        },
        "gnss_count": 1302,
        "gnss_reject_count": 0,
        "gnss_rigid_yaw_rad": -0.003396577620896779,
        "gnss_weak_count": 0,
        "gnss_yaw_alignment_count": 1,
        "node_gnss_path_count": 10,
        "odom_count": 824,
        "odom_realign_count": 0,
        "odom_weak_count": 0,
        "reset_count": 0,
        "score": 0.7531361143649462
      },
      "trial": {
        "gnss_min_cov_xy": "36.0",
        "gnss_min_cov_z": "64.0",
        "gnss_min_interval": "0.75",
        "name": "gnss_medium",
        "use_gnss": "true"
      }
    },
    {
      "metrics": {
        "ekf_count": 1207,
        "ekf_step_max": 0.6442502595913678,
        "ekf_step_p95": 0.05559233706964428,
        "ekf_vs_aligned_gnss": {
          "count": 1207,
          "max": 1.941931069435101,
          "mean": 0.9561495635195714,
          "p95": 1.0731810671914215
        },
        "ekf_vs_node_gnss_path": {
          "count": 151,
          "max": 1.3755889735109372,
          "mean": 1.0655284227509687,
          "p95": 1.3495982641803776
        },
        "ekf_vs_odom": {
          "count": 1207,
          "max": 1.0329880418360777,
          "mean": 0.08533207625939677,
          "p95": 0.3343251477768643
        },
        "ekf_vs_rigid_gnss": {
          "count": 1207,
          "max": 1.0063083331241824,
          "mean": 0.085595358709685,
          "p95": 0.31924596534473176
        },
        "gnss_count": 1302,
        "gnss_reject_count": 0,
        "gnss_rigid_yaw_rad": 0.003389193894931617,
        "gnss_weak_count": 0,
        "gnss_yaw_alignment_count": 1,
        "node_gnss_path_count": 15,
        "odom_count": 824,
        "odom_realign_count": 0,
        "odom_weak_count": 0,
        "reset_count": 0,
        "score": 0.8344807087748185
      },
      "trial": {
        "gnss_min_cov_xy": "16.0",
        "gnss_min_cov_z": "25.0",
        "gnss_min_interval": "0.5",
        "name": "gnss_balanced",
        "use_gnss": "true"
      }
    }
  ]
}