{
  "bag": "/home/zcl/datasets/ctu_mrs_mas/hover_project_topics_odom_drift_gnss_big_anomaly.bag",
  "best": "gnss_drift_adaptive_nis_window",
  "evaluator_topics": {
    "aligned_gnss_path": "/ekf/gnss_path",
    "ekf": "/ekf/ekf_odom",
    "gnss": "/mavros/global_position/global",
    "ground_truth": "/ground_truth/odom",
    "odom": "/mavros/odometry/in"
  },
  "extra_launch_args": [],
  "extra_play_args": [],
  "results": [
    {
      "metrics": {
        "ekf_count": 12814,
        "ekf_step_max": 0.24790729010087867,
        "ekf_step_p95": 0.01021981158324182,
        "ekf_vs_aligned_gnss": {
          "count": 12324,
          "max": 19.883510724122345,
          "mean": 2.181172341525789,
          "p95": 2.2257199452990744
        },
        "ekf_vs_ground_truth": {
          "count": 12009,
          "max": 1.8427340535563814,
          "mean": 1.1922811114831475,
          "p95": 1.687613360290588
        },
        "ekf_vs_node_gnss_path": {
          "count": 712,
          "max": 0.6222887453497552,
          "mean": 0.27611816864178285,
          "p95": 0.5206989670235298
        },
        "ekf_vs_odom": {
          "count": 12814,
          "max": 0.9717044875213625,
          "mean": 0.2787192706206607,
          "p95": 0.7400028273719792
        },
        "ekf_vs_rigid_gnss": {
          "count": 12324,
          "max": 19.154724807094468,
          "mean": 1.7469102110025065,
          "p95": 1.7038401710569289
        },
        "gnss_count": 1235,
        "gnss_ground_truth_yaw_rad": 0.4245765835323433,
        "gnss_motion_inconsistent_count": 0,
        "gnss_nis_isolated_count": 0,
        "gnss_nis_monitor_count": 15,
        "gnss_reject_count": 0,
        "gnss_rigid_yaw_rad": 0.8104045942682881,
        "gnss_weak_count": 15,
        "gnss_yaw_alignment_count": 1,
        "gps_vs_ground_truth": {
          "count": 11525,
          "max": 19.051169690239956,
          "mean": 1.6572593293127431,
          "p95": 1.2109642900171593
        },
        "ground_truth_count": 12015,
        "node_gnss_path_count": 36,
        "odom_count": 12830,
        "odom_realign_count": 0,
        "odom_vs_ground_truth": {
          "count": 12024,
          "max": 2.1924806737467963,
          "mean": 1.2162920960491879,
          "p95": 2.045761217666521
        },
        "odom_weak_count": 0,
        "recovery_time_s": null,
        "reset_count": 0,
        "score": 1.692723266082209
      },
      "trial": {
        "enable_gnss_health_score": "true",
        "enable_gnss_mahalanobis_gate": "true",
        "enable_gnss_motion_consistency": "true",
        "enable_gnss_nis_state_machine": "true",
        "enable_odom_gnss_consistency_health": "true",
        "gnss_alignment_max_samples": "40",
        "gnss_alignment_min_motion": "2.0",
        "gnss_alignment_min_samples": "12",
        "gnss_degraded_count_threshold": "3",
        "gnss_health_window_size": "5",
        "gnss_healthy_odom_weak_scale": "0.1",
        "gnss_isolation_time": "1.0",
        "gnss_min_cov_xy": "0.04",
        "gnss_min_cov_z": "0.09",
        "gnss_min_interval": "0.2",
        "gnss_r_degraded_scale": "5.0",
        "gnss_r_severe_scale": "20.0",
        "gnss_recover_count_threshold": "3",
        "gnss_severe_count_threshold": "3",
        "name": "gnss_drift_adaptive_nis_window",
        "odom_gnss_consistency_poor_threshold": "1.5",
        "odom_gnss_consistency_threshold": "0.4",
        "odom_weak_health_threshold": "0.6",
        "position_cov": "1.0",
        "use_gnss": "true"
      }
    }
  ]
}