{
  "bag": "/home/zcl/datasets/KARI_drone_vertical_takeoff_and_landing_navigation/kari_imu_gnss_degraded_after60_gt.bag",
  "best": "imu_gnss_degraded",
  "evaluator_topics": {
    "aligned_gnss_path": "/ekf/gnss_path",
    "ekf": "/ekf/ekf_odom",
    "gnss": "/mavros/global_position/global",
    "ground_truth": "/ground_truth/odom",
    "odom": "/mavros/odometry/in"
  },
  "extra_launch_args": [],
  "extra_play_args": [
    "-r",
    "3.0"
  ],
  "results": [
    {
      "metrics": {
        "ekf_count": 8305,
        "ekf_step_max": 4.319730155358158,
        "ekf_step_p95": 0.024416385528758397,
        "ekf_vs_aligned_gnss": {
          "count": 8305,
          "max": 3.7836507407928193,
          "mean": 0.07304683899125931,
          "p95": 0.20812152786922827
        },
        "ekf_vs_ground_truth": {
          "count": 8305,
          "max": 3.6455895693936626,
          "mean": 0.19122173656999208,
          "p95": 0.47940610956370383
        },
        "ekf_vs_node_gnss_path": {
          "count": 2581,
          "max": 0.5886949181939031,
          "mean": 0.048999481497623044,
          "p95": 0.21185798934886063
        },
        "ekf_vs_odom": {
          "count": 2996,
          "max": 0.5461284339506127,
          "mean": 0.0880609882779429,
          "p95": 0.35309681888617866
        },
        "ekf_vs_rigid_gnss": {
          "count": 8305,
          "max": 3.7600116504963617,
          "mean": 0.056353921512759926,
          "p95": 0.2039676898212553
        },
        "gnss_count": 8308,
        "gnss_ground_truth_yaw_rad": -0.1234195793688257,
        "gnss_motion_inconsistent_count": 0,
        "gnss_nis_isolated_count": 0,
        "gnss_nis_monitor_count": 0,
        "gnss_reject_count": 0,
        "gnss_rigid_yaw_rad": -0.19272937880255087,
        "gnss_velocity_update_count": 50,
        "gnss_weak_count": 0,
        "gnss_yaw_alignment_count": 1,
        "gps_vs_ground_truth": {
          "count": 8308,
          "max": 0.38900690680632466,
          "mean": 0.12076118875094612,
          "p95": 0.3862202488703309
        },
        "ground_truth_count": 8308,
        "node_gnss_path_count": 262,
        "odom_count": 1800,
        "odom_lost_count": 101,
        "odom_realign_count": 0,
        "odom_vs_ground_truth": {
          "count": 1800,
          "max": 0.1761642091395608,
          "mean": 0.10081646269333482,
          "p95": 0.15322736347817953
        },
        "odom_weak_count": 0,
        "recovery_time_s": null,
        "reset_count": 0,
        "score": 0.5731589888494641
      },
      "trial": {
        "enable_gnss_velocity_when_odom_lost": "true",
        "gnss_alignment_max_residual": "2.0",
        "gnss_alignment_max_samples": "30",
        "gnss_alignment_min_motion": "0.01",
        "gnss_alignment_min_samples": "3",
        "gnss_cov_scale": "0.25",
        "gnss_healthy_odom_weak_scale": "0.1",
        "gnss_min_cov_xy": "0.25",
        "gnss_min_cov_z": "1.0",
        "gnss_min_interval": "0.2",
        "gnss_velocity_cov": "1.0",
        "name": "imu_gnss_degraded",
        "odom_loss_timeout": "1.0",
        "position_cov": "0.10",
        "use_gnss": "true"
      }
    }
  ]
}