{
  "bag": "/home/zcl/datasets/KARI_drone_vertical_takeoff_and_landing_navigation/kari_project_mavros_odom_drift.bag",
  "best": "gnss_drift_correction",
  "evaluator_topics": {
    "aligned_gnss_path": "/ekf/gnss_path",
    "ekf": "/ekf/ekf_odom",
    "gnss": "/mavros/global_position/global",
    "ground_truth": "/ground_truth/odom",
    "odom": "/mavros/odometry/in"
  },
  "extra_launch_args": [
    "enable_gnss_yaw_alignment:=false"
  ],
  "extra_play_args": [],
  "results": [
    {
      "metrics": {
        "ekf_count": 3584,
        "ekf_step_max": 331.89252705626734,
        "ekf_step_p95": 0.06444391145540601,
        "ekf_vs_aligned_gnss": {
          "count": 3584,
          "max": 331.23237083438164,
          "mean": 2.2283819460088607,
          "p95": 4.7452222307468
        },
        "ekf_vs_ground_truth": {
          "count": 3584,
          "max": 331.0904684482141,
          "mean": 2.2264110859790263,
          "p95": 4.600103557871743
        },
        "ekf_vs_node_gnss_path": {
          "count": 1018,
          "max": 325.1069094737163,
          "mean": 2.620323209417861,
          "p95": 1.333259437113987
        },
        "ekf_vs_odom": {
          "count": 3584,
          "max": 331.49046030135935,
          "mean": 2.3004286926301716,
          "p95": 4.796607928699875
        },
        "ekf_vs_rigid_gnss": {
          "count": 3584,
          "max": 329.7263714029177,
          "mean": 3.111519604134602,
          "p95": 3.1971475741679494
        },
        "gnss_count": 8308,
        "gnss_ground_truth_yaw_rad": -0.1234195793688257,
        "gnss_motion_inconsistent_count": 0,
        "gnss_nis_isolated_count": 9,
        "gnss_nis_monitor_count": 36,
        "gnss_reject_count": 9,
        "gnss_rigid_yaw_rad": 0.8980829852060687,
        "gnss_weak_count": 36,
        "gnss_yaw_alignment_count": 0,
        "gps_vs_ground_truth": {
          "count": 8308,
          "max": 0.38900690680632466,
          "mean": 0.12076118875094612,
          "p95": 0.3862202488703309
        },
        "ground_truth_count": 8308,
        "node_gnss_path_count": 103,
        "odom_count": 4985,
        "odom_realign_count": 0,
        "odom_vs_ground_truth": {
          "count": 4985,
          "max": 2.1792183839012313,
          "mean": 1.1365450118462619,
          "p95": 2.08198677377784
        },
        "odom_weak_count": 8,
        "recovery_time_s": null,
        "reset_count": 0,
        "score": 5.261854709622922
      },
      "trial": {
        "enable_gnss_mahalanobis_gate": "true",
        "enable_gnss_motion_consistency": "true",
        "enable_gnss_nis_state_machine": "true",
        "enable_odom_gnss_consistency_health": "true",
        "gnss_alignment_max_samples": "40",
        "gnss_alignment_min_motion": "2.0",
        "gnss_alignment_min_samples": "12",
        "gnss_cov_scale": "1.0",
        "gnss_healthy_odom_weak_scale": "0.1",
        "gnss_min_cov_xy": "0.04",
        "gnss_min_cov_z": "0.09",
        "gnss_min_interval": "0.2",
        "name": "gnss_drift_correction",
        "odom_gnss_consistency_poor_threshold": "1.5",
        "odom_gnss_consistency_threshold": "0.4",
        "odom_weak_health_threshold": "0.6",
        "position_cov": "1.0",
        "use_gnss": "true"
      }
    }
  ]
}