name,label,use_gnss,gnss_min_interval,gnss_min_cov_xy,gnss_min_cov_z,ekf_vs_odom_mean,ekf_vs_odom_p95,ekf_vs_odom_max,ekf_vs_gnss_mean,ekf_vs_gnss_p95,ekf_vs_gnss_max,ekf_vs_rigid_gnss_mean,ekf_vs_rigid_gnss_p95,ekf_vs_node_gnss_path_mean,ekf_vs_node_gnss_path_p95,gnss_rigid_yaw_rad,ekf_step_p95,ekf_step_max,reset_count,odom_realign_count,odom_weak_count,gnss_reject_count,gnss_weak_count,gnss_yaw_alignment_count,score
no_gnss,No GNSS,false,,,,0.04282441071965547,0.1106061398521158,0.26563726750192546,18.73784636665967,44.53812130678935,47.01906369089858,15.609101066725907,31.086165941063193,,,0.14045916796726976,0.025316909417984673,0.12741227428834362,0,4,4,0,0,0,11.003422673933226
gnss_very_conservative,Weak GNSS,true,1.0,100.0,144.0,0.042875060395091896,0.11071432751416518,0.2656957669163501,18.737964394330348,44.53801029109585,47.018059820476786,15.609072899621404,31.0860245595621,,,0.14046030869855233,0.025318043578902563,0.1273533849802898,0,4,4,113,2,1,11.003481945150352
gnss_conservative,Conservative,true,1.0,64.0,100.0,0.0428165744387096,0.11070993340192072,0.26565779360040803,18.737934823146393,44.53813788363549,47.019048448644064,15.60901158308932,31.086114841273883,,,0.1405014291104792,0.025320096020388275,0.1274350766966541,0,4,4,112,2,1,11.003510175857972
gnss_medium,Medium,true,0.75,36.0,64.0,0.0429170483458036,0.11192188111885433,0.2656979519332832,18.740566813745097,44.53775404032945,47.018384264127896,15.609253595411985,31.08592639798648,4.598885908230134,4.655189647179342,0.14052259921455465,0.025371936850333912,0.12725094602533074,0,4,4,111,2,1,1.7539242260567909
gnss_balanced,Strong GNSS,true,0.5,16.0,25.0,0.04284470915097837,0.11072638397879823,0.2657271322082124,18.73796514733989,44.538029128113095,47.01808241430687,15.609026664455895,31.086001337580957,4.1280078890217595,4.133671663437406,0.14046708876597194,0.025317190960939435,0.12668711207070313,0,4,4,114,2,1,1.57017006166236
