{
  "bag": "/home/zcl/datasets/KARI_drone_vertical_takeoff_and_landing_navigation/kari_project_mavros_odom_drift.bag",
  "best": "gnss_drift_correction",
  "evaluator_topics": {
    "aligned_gnss_path": "/ekf/gnss_path",
    "ekf": "/ekf/ekf_odom",
    "gnss": "/mavros/global_position/global",
    "ground_truth": "/ground_truth/odom",
    "odom": "/mavros/odometry/in"
  },
  "extra_launch_args": [],
  "extra_play_args": [
    "-r",
    "3.0"
  ],
  "results": [
    {
      "metrics": {
        "ekf_count": 5620,
        "ekf_step_max": 3.7219747138153587,
        "ekf_step_p95": 0.08530023867719741,
        "ekf_vs_aligned_gnss": {
          "count": 5620,
          "max": 3.4328378343153854,
          "mean": 0.3313572302304627,
          "p95": 1.5249429709304854
        },
        "ekf_vs_ground_truth": {
          "count": 5620,
          "max": 3.3071328840909553,
          "mean": 0.3518650818684448,
          "p95": 1.5322176725087353
        },
        "ekf_vs_node_gnss_path": {
          "count": 1667,
          "max": 1.7113997926945104,
          "mean": 0.2456681475168118,
          "p95": 0.8354772987578429
        },
        "ekf_vs_odom": {
          "count": 5620,
          "max": 3.1908386309211396,
          "mean": 0.6194144623020379,
          "p95": 1.381195478993322
        },
        "ekf_vs_rigid_gnss": {
          "count": 5620,
          "max": 3.3128785465004658,
          "mean": 0.35671739831589033,
          "p95": 1.293561267450247
        },
        "gnss_cold_start_count": 0,
        "gnss_count": 8308,
        "gnss_ground_truth_yaw_rad": -0.1234195793688257,
        "gnss_motion_inconsistent_count": 0,
        "gnss_nis_isolated_count": 8,
        "gnss_nis_monitor_count": 48,
        "gnss_reject_count": 15,
        "gnss_rigid_yaw_rad": 0.10056454942394805,
        "gnss_velocity_update_count": 0,
        "gnss_weak_count": 48,
        "gnss_yaw_alignment_count": 0,
        "gps_vs_ground_truth": {
          "count": 8308,
          "max": 0.38900690680632466,
          "mean": 0.12076118875094612,
          "p95": 0.3862202488703309
        },
        "ground_truth_count": 8308,
        "node_gnss_path_count": 169,
        "odom_count": 4985,
        "odom_lost_count": 1,
        "odom_realign_count": 0,
        "odom_vs_ground_truth": {
          "count": 4985,
          "max": 2.1792183839012313,
          "mean": 1.1365450118462619,
          "p95": 2.08198677377784
        },
        "odom_weak_count": 60,
        "recovery_time_s": null,
        "reset_count": 0,
        "score": 1.574867791847334
      },
      "trial": {
        "enable_gnss_mahalanobis_gate": "true",
        "enable_gnss_motion_consistency": "true",
        "enable_gnss_nis_state_machine": "true",
        "enable_odom_gnss_consistency_health": "true",
        "gnss_alignment_max_samples": "40",
        "gnss_alignment_min_motion": "2.0",
        "gnss_alignment_min_samples": "12",
        "gnss_cov_scale": "1.0",
        "gnss_healthy_odom_weak_scale": "0.1",
        "gnss_min_cov_xy": "0.04",
        "gnss_min_cov_z": "0.09",
        "gnss_min_interval": "0.2",
        "name": "gnss_drift_correction",
        "odom_gnss_consistency_poor_threshold": "1.5",
        "odom_gnss_consistency_threshold": "0.4",
        "odom_weak_health_threshold": "0.6",
        "position_cov": "1.0",
        "use_gnss": "true"
      }
    }
  ]
}