{
  "bag": "/home/zcl/datasets/KARI_drone_vertical_takeoff_and_landing_navigation/kari_imu_gnss_degraded_after60_gt.bag",
  "best": "imu_gnss_degraded",
  "evaluator_topics": {
    "aligned_gnss_path": "/ekf/gnss_path",
    "ekf": "/ekf/ekf_odom",
    "gnss": "/mavros/global_position/global",
    "ground_truth": "/ground_truth/odom",
    "odom": "/mavros/odometry/in"
  },
  "extra_launch_args": [],
  "extra_play_args": [
    "-r",
    "3.0"
  ],
  "results": [
    {
      "metrics": {
        "ekf_count": 8310,
        "ekf_step_max": 3.721202662099329,
        "ekf_step_p95": 0.024322931007968358,
        "ekf_vs_aligned_gnss": {
          "count": 8310,
          "max": 3.1511830917309007,
          "mean": 0.06865757285428185,
          "p95": 0.20731890275428883
        },
        "ekf_vs_ground_truth": {
          "count": 8310,
          "max": 3.0167164998048306,
          "mean": 0.18630664540463585,
          "p95": 0.47932888232595033
        },
        "ekf_vs_node_gnss_path": {
          "count": 2581,
          "max": 0.5910441514427209,
          "mean": 0.049010686986224086,
          "p95": 0.21245589909948065
        },
        "ekf_vs_odom": {
          "count": 3001,
          "max": 0.5350647070676525,
          "mean": 0.0878472337929473,
          "p95": 0.35284059754991914
        },
        "ekf_vs_rigid_gnss": {
          "count": 8310,
          "max": 3.129096001379368,
          "mean": 0.04881067748987959,
          "p95": 0.20236634536966702
        },
        "gnss_cold_start_count": 0,
        "gnss_count": 8308,
        "gnss_ground_truth_yaw_rad": -0.1234195793688257,
        "gnss_motion_inconsistent_count": 0,
        "gnss_nis_isolated_count": 0,
        "gnss_nis_monitor_count": 0,
        "gnss_reject_count": 0,
        "gnss_rigid_yaw_rad": -0.189618475103471,
        "gnss_velocity_update_count": 50,
        "gnss_weak_count": 0,
        "gnss_yaw_alignment_count": 1,
        "gps_vs_ground_truth": {
          "count": 8308,
          "max": 0.38900690680632466,
          "mean": 0.12076118875094612,
          "p95": 0.3862202488703309
        },
        "ground_truth_count": 8308,
        "node_gnss_path_count": 262,
        "odom_count": 1800,
        "odom_lost_count": 101,
        "odom_realign_count": 0,
        "odom_vs_ground_truth": {
          "count": 1800,
          "max": 0.1761642091395608,
          "mean": 0.10081646269333482,
          "p95": 0.15322736347817953
        },
        "odom_weak_count": 0,
        "recovery_time_s": null,
        "reset_count": 0,
        "score": 0.5730157275418772
      },
      "trial": {
        "enable_gnss_velocity_when_odom_lost": "true",
        "gnss_alignment_max_residual": "2.0",
        "gnss_alignment_max_samples": "30",
        "gnss_alignment_min_motion": "0.01",
        "gnss_alignment_min_samples": "3",
        "gnss_cov_scale": "0.25",
        "gnss_healthy_odom_weak_scale": "0.1",
        "gnss_min_cov_xy": "0.25",
        "gnss_min_cov_z": "1.0",
        "gnss_min_interval": "0.2",
        "gnss_velocity_cov": "1.0",
        "name": "imu_gnss_degraded",
        "odom_loss_timeout": "1.0",
        "position_cov": "0.10",
        "use_gnss": "true"
      }
    }
  ]
}