name,label,use_gnss,gnss_min_interval,gnss_min_cov_xy,gnss_min_cov_z,ekf_vs_odom_mean,ekf_vs_odom_p95,ekf_vs_odom_max,ekf_vs_gnss_mean,ekf_vs_gnss_p95,ekf_vs_gnss_max,ekf_step_p95,ekf_step_max,reset_count,odom_realign_count,odom_weak_count,gnss_reject_count,gnss_weak_count,score
no_gnss,No GNSS,false,,,,0.053162615598455046,0.15665954976700988,0.44421737057484156,0.1060958222538743,0.16150052268540124,0.4474230999512467,0.0298077747720664,0.13961909854971033,0,0,0,0,0,0.22808862009293351
gnss_very_conservative,Weak GNSS,true,1.0,100.0,144.0,0.05393879016622286,0.14498514714770458,0.46412721491779174,0.09158222265878431,0.14812151970359258,0.477632237362676,0.03315308478301757,0.20416597250602359,0,0,0,0,0,0.21340422143547075
gnss_conservative,Conservative,true,1.0,64.0,100.0,0.116275955842909,0.7244384069204125,2.242496107729348,0.7513868269684477,0.824279874973062,1.6637151160858112,0.04008691494660936,1.6654237865349693,0,0,1,0,0,1.0329798206342888
gnss_medium,Medium,true,0.75,36.0,64.0,0.06304024650008902,0.1830121979985911,0.7108505734465864,0.7229271269048129,0.8177628018767439,1.4153025608634455,0.034782241492248275,0.35300857689372256,0,0,0,0,0,0.4866202994015756
gnss_balanced,Strong GNSS,true,0.5,16.0,25.0,12.601332270247335,21.26674295472834,26.934309849039096,11.95768164551327,18.92344836387591,27.340755080782117,0.90145233085944,15.293068132575677,0,0,14,7,0,28.340676047514627
