{
  "csv": "results/data2_odom_ablation_40s/window_stats_current/data2_cutoff4_cov01_alpha07_w3_ekf_vs_hidden_odom_window_errors.csv",
  "figure": "results/data2_odom_ablation_40s/window_stats_current/data2_cutoff4_cov01_alpha07_w3_ekf_vs_hidden_odom_window_stats.png",
  "label": "data2_cutoff4_cov01_alpha07_w3",
  "metadata": {
    "bag": "results/data2_odom_ablation_40s/data2_40s_odom_header_dropout_8_32.bag",
    "bag_start_s": 1781254165.299333,
    "ekf_samples": 5093,
    "ekf_topic": "/ekf/ekf_odom",
    "gnss_velocity_update_count": 11,
    "max_dt_s": 0.04,
    "odom_lost_count": 21,
    "odom_weak_count": 3,
    "reference_samples": 1200,
    "reference_topic": "/ground_truth/odom",
    "reset_count": 0
  },
  "smoothness": {
    "jerk_max_mps3": 1371935.5182550964,
    "jerk_p95_mps3": 36227.13107929604,
    "smoothness_count": 3060,
    "step_max_m": 0.11289149867204742,
    "step_mean_m": 0.0324366330850276,
    "step_p95_m": 0.05789694488054817,
    "velocity_delta_max_mps": 4.857078965094792,
    "velocity_delta_p95_mps": 0.5789243248710928
  },
  "stats": {
    "count": 3061,
    "max_m": 1.7064744062338009,
    "mean_m": 0.5888567802257666,
    "mse_m2": 0.48202365465413377,
    "p95_m": 1.283047699226105,
    "rmse_m": 0.6942792339211463
  },
  "window_end_s": 32.0,
  "window_start_s": 8.0
}