{
  "csv": "results/data2_odom_ablation_40s/window_stats_current/data2_smooth_nf45_cov075_alpha04_w5_ekf_vs_hidden_odom_window_errors.csv",
  "figure": "results/data2_odom_ablation_40s/window_stats_current/data2_smooth_nf45_cov075_alpha04_w5_ekf_vs_hidden_odom_window_stats.png",
  "label": "data2_smooth_nf45_cov075_alpha04_w5",
  "metadata": {
    "bag": "results/data2_odom_ablation_40s/data2_40s_odom_header_dropout_8_32.bag",
    "bag_start_s": 1781254165.299333,
    "ekf_samples": 5089,
    "ekf_topic": "/ekf/ekf_odom",
    "gnss_velocity_update_count": 10,
    "max_dt_s": 0.04,
    "odom_lost_count": 21,
    "odom_weak_count": 3,
    "reference_samples": 1200,
    "reference_topic": "/ground_truth/odom",
    "reset_count": 0
  },
  "smoothness": {
    "jerk_max_mps3": 273844.95006743044,
    "jerk_p95_mps3": 9178.863432129487,
    "smoothness_count": 3060,
    "step_max_m": 0.10217663615359858,
    "step_mean_m": 0.03253356407785462,
    "step_p95_m": 0.057841993852992234,
    "velocity_delta_max_mps": 4.362763870313278,
    "velocity_delta_p95_mps": 0.5399894714356063
  },
  "stats": {
    "count": 3061,
    "max_m": 1.6335500529326716,
    "mean_m": 0.6100029012841283,
    "mse_m2": 0.513072821352764,
    "p95_m": 1.2933671657553627,
    "rmse_m": 0.7162910172218858
  },
  "window_end_s": 32.0,
  "window_start_s": 8.0
}