{
  "csv": "results/data2_odom_ablation_40s/window_stats_current/data2_first_order_cutoff3p5_cov025_alpha07_w3_ekf_vs_hidden_odom_window_errors.csv",
  "figure": "results/data2_odom_ablation_40s/window_stats_current/data2_first_order_cutoff3p5_cov025_alpha07_w3_ekf_vs_hidden_odom_window_stats.png",
  "label": "data2_first_order_cutoff3p5_cov025_alpha07_w3",
  "metadata": {
    "bag": "results/data2_odom_ablation_40s/data2_40s_odom_header_dropout_8_32.bag",
    "bag_start_s": 1781254165.299333,
    "ekf_samples": 5072,
    "ekf_topic": "/ekf/ekf_odom",
    "gnss_velocity_update_count": 10,
    "max_dt_s": 0.04,
    "odom_lost_count": 22,
    "odom_weak_count": 5,
    "reference_samples": 1200,
    "reference_topic": "/ground_truth/odom",
    "reset_count": 0
  },
  "smoothness": {
    "jerk_max_mps3": 623696.7407242286,
    "jerk_p95_mps3": 31603.114248504517,
    "smoothness_count": 3060,
    "step_max_m": 0.10642538385010229,
    "step_mean_m": 0.03239317608806729,
    "step_p95_m": 0.05782181132931102,
    "velocity_delta_max_mps": 3.686793482892802,
    "velocity_delta_p95_mps": 0.5122075543001428
  },
  "stats": {
    "count": 3061,
    "max_m": 1.6245600122893846,
    "mean_m": 0.5467058417475446,
    "mse_m2": 0.41813906360536907,
    "p95_m": 1.220950792516995,
    "rmse_m": 0.6466367323353732
  },
  "window_end_s": 32.0,
  "window_start_s": 8.0
}