{
  "csv": "results/data2_odom_ablation_40s/window_stats_current/data2_cutoff35_cov01_alpha07_w3_ekf_vs_hidden_odom_window_errors.csv",
  "figure": "results/data2_odom_ablation_40s/window_stats_current/data2_cutoff35_cov01_alpha07_w3_ekf_vs_hidden_odom_window_stats.png",
  "label": "data2_cutoff35_cov01_alpha07_w3",
  "metadata": {
    "bag": "results/data2_odom_ablation_40s/data2_40s_odom_header_dropout_8_32.bag",
    "bag_start_s": 1781254165.299333,
    "ekf_samples": 5093,
    "ekf_topic": "/ekf/ekf_odom",
    "gnss_velocity_update_count": 10,
    "max_dt_s": 0.04,
    "odom_lost_count": 21,
    "odom_weak_count": 3,
    "reference_samples": 1200,
    "reference_topic": "/ground_truth/odom",
    "reset_count": 0
  },
  "smoothness": {
    "jerk_max_mps3": 1218004.3503478041,
    "jerk_p95_mps3": 31046.275373697554,
    "smoothness_count": 3060,
    "step_max_m": 0.10878509477658144,
    "step_mean_m": 0.03240485568860767,
    "step_p95_m": 0.057491908921354314,
    "velocity_delta_max_mps": 4.314992365782513,
    "velocity_delta_p95_mps": 0.4982628706417578
  },
  "stats": {
    "count": 3061,
    "max_m": 1.7122609689369173,
    "mean_m": 0.5989230803250372,
    "mse_m2": 0.4943000614860985,
    "p95_m": 1.2912907082277558,
    "rmse_m": 0.7030647633654374
  },
  "window_end_s": 32.0,
  "window_start_s": 8.0
}