{
  "csv": "results/data2_odom_ablation_40s/window_stats_current/data2_cutoff4_cov1_alpha1_w2_ekf_vs_hidden_odom_window_errors.csv",
  "figure": "results/data2_odom_ablation_40s/window_stats_current/data2_cutoff4_cov1_alpha1_w2_ekf_vs_hidden_odom_window_stats.png",
  "label": "data2_cutoff4_cov1_alpha1_w2",
  "metadata": {
    "bag": "results/data2_odom_ablation_40s/data2_40s_odom_header_dropout_8_32.bag",
    "bag_start_s": 1781254165.299333,
    "ekf_samples": 5093,
    "ekf_topic": "/ekf/ekf_odom",
    "gnss_velocity_update_count": 10,
    "max_dt_s": 0.04,
    "odom_lost_count": 22,
    "odom_weak_count": 3,
    "reference_samples": 1200,
    "reference_topic": "/ground_truth/odom",
    "reset_count": 0
  },
  "smoothness": {
    "jerk_max_mps3": 1460915.3737937054,
    "jerk_p95_mps3": 36584.88479973197,
    "smoothness_count": 3060,
    "step_max_m": 0.10362992898646127,
    "step_mean_m": 0.032479100479933305,
    "step_p95_m": 0.05919211203274896,
    "velocity_delta_max_mps": 4.7863778477212655,
    "velocity_delta_p95_mps": 0.584981661194934
  },
  "stats": {
    "count": 3061,
    "max_m": 1.6778306061824577,
    "mean_m": 0.5483633112530094,
    "mse_m2": 0.4205237905993711,
    "p95_m": 1.2753424117567396,
    "rmse_m": 0.6484780571456301
  },
  "window_end_s": 32.0,
  "window_start_s": 8.0
}