{
  "csv": "results/data2_odom_ablation_40s/window_stats_current/data2_smooth_nf5_cov05_alpha04_w5_ekf_vs_hidden_odom_window_errors.csv",
  "figure": "results/data2_odom_ablation_40s/window_stats_current/data2_smooth_nf5_cov05_alpha04_w5_ekf_vs_hidden_odom_window_stats.png",
  "label": "data2_smooth_nf5_cov05_alpha04_w5",
  "metadata": {
    "bag": "results/data2_odom_ablation_40s/data2_40s_odom_header_dropout_8_32.bag",
    "bag_start_s": 1781254165.299333,
    "ekf_samples": 5089,
    "ekf_topic": "/ekf/ekf_odom",
    "gnss_velocity_update_count": 10,
    "max_dt_s": 0.04,
    "odom_lost_count": 22,
    "odom_weak_count": 3,
    "reference_samples": 1200,
    "reference_topic": "/ground_truth/odom",
    "reset_count": 0
  },
  "smoothness": {
    "jerk_max_mps3": 273519.44252122956,
    "jerk_p95_mps3": 11272.284899897004,
    "smoothness_count": 3060,
    "step_max_m": 0.10339062908492805,
    "step_mean_m": 0.03255521126249264,
    "step_p95_m": 0.058001337341808526,
    "velocity_delta_max_mps": 4.368314515969644,
    "velocity_delta_p95_mps": 0.629987716674747
  },
  "stats": {
    "count": 3061,
    "max_m": 1.6294018456557697,
    "mean_m": 0.6121511965981928,
    "mse_m2": 0.5164015758004081,
    "p95_m": 1.285146398370786,
    "rmse_m": 0.718610865350927
  },
  "window_end_s": 32.0,
  "window_start_s": 8.0
}