{
  "csv": "results/data2_odom_ablation_40s/window_stats_current/data2_smooth_nf4_cov025_alpha07_w3_ekf_vs_hidden_odom_window_errors.csv",
  "figure": "results/data2_odom_ablation_40s/window_stats_current/data2_smooth_nf4_cov025_alpha07_w3_ekf_vs_hidden_odom_window_stats.png",
  "label": "data2_smooth_nf4_cov025_alpha07_w3",
  "metadata": {
    "bag": "results/data2_odom_ablation_40s/data2_40s_odom_header_dropout_8_32.bag",
    "bag_start_s": 1781254165.299333,
    "ekf_samples": 5093,
    "ekf_topic": "/ekf/ekf_odom",
    "gnss_velocity_update_count": 10,
    "max_dt_s": 0.04,
    "odom_lost_count": 22,
    "odom_weak_count": 4,
    "reference_samples": 1200,
    "reference_topic": "/ground_truth/odom",
    "reset_count": 0
  },
  "smoothness": {
    "jerk_max_mps3": 274770.5902434865,
    "jerk_p95_mps3": 7047.555495624078,
    "smoothness_count": 3060,
    "step_max_m": 0.11430869288462195,
    "step_mean_m": 0.0324844593857184,
    "step_p95_m": 0.057718243030295865,
    "velocity_delta_max_mps": 3.8039722498083526,
    "velocity_delta_p95_mps": 0.3963110028397912
  },
  "stats": {
    "count": 3061,
    "max_m": 1.6579751595066365,
    "mean_m": 0.5445827569963283,
    "mse_m2": 0.42259650590659115,
    "p95_m": 1.247373643706379,
    "rmse_m": 0.6500742310741068
  },
  "window_end_s": 32.0,
  "window_start_s": 8.0
}