{
  "csv": "results/data2_odom_ablation_40s/window_stats_current/data2_smooth_nf4_cov05_alpha05_w5_ekf_vs_hidden_odom_window_errors.csv",
  "figure": "results/data2_odom_ablation_40s/window_stats_current/data2_smooth_nf4_cov05_alpha05_w5_ekf_vs_hidden_odom_window_stats.png",
  "label": "data2_smooth_nf4_cov05_alpha05_w5",
  "metadata": {
    "bag": "results/data2_odom_ablation_40s/data2_40s_odom_header_dropout_8_32.bag",
    "bag_start_s": 1781254165.299333,
    "ekf_samples": 5091,
    "ekf_topic": "/ekf/ekf_odom",
    "gnss_velocity_update_count": 10,
    "max_dt_s": 0.04,
    "odom_lost_count": 21,
    "odom_weak_count": 3,
    "reference_samples": 1200,
    "reference_topic": "/ground_truth/odom",
    "reset_count": 0
  },
  "smoothness": {
    "jerk_max_mps3": 274727.5663765471,
    "jerk_p95_mps3": 7069.938568920293,
    "smoothness_count": 3060,
    "step_max_m": 0.10173964330830913,
    "step_mean_m": 0.03252424874895603,
    "step_p95_m": 0.05745938071499849,
    "velocity_delta_max_mps": 3.8033797804126483,
    "velocity_delta_p95_mps": 0.43140822591068706
  },
  "stats": {
    "count": 3061,
    "max_m": 1.6354688524465635,
    "mean_m": 0.6040354285669449,
    "mse_m2": 0.5054352397586379,
    "p95_m": 1.3029720122002593,
    "rmse_m": 0.7109396878488624
  },
  "window_end_s": 32.0,
  "window_start_s": 8.0
}