{
  "csv": "results/data2_odom_ablation_40s/window_stats_current/data2_15_55_live_no_smoothing_ekf_vs_hidden_odom_window_errors.csv",
  "figure": "results/data2_odom_ablation_40s/window_stats_current/data2_15_55_live_no_smoothing_ekf_vs_hidden_odom_window_stats.png",
  "label": "data2_15_55_live_no_smoothing",
  "metadata": {
    "bag": "results/data2_odom_ablation_40s/candidates/data2_15_55s_odom_header_dropout_8_32.bag",
    "bag_start_s": 1781254180.3026357,
    "ekf_samples": 5082,
    "ekf_topic": "/ekf/ekf_odom",
    "gnss_velocity_update_count": 10,
    "max_dt_s": 0.04,
    "odom_lost_count": 21,
    "odom_weak_count": 5,
    "reference_samples": 1200,
    "reference_topic": "/ground_truth/odom",
    "reset_count": 0
  },
  "smoothness": {
    "jerk_max_mps3": 2643189.0712476745,
    "jerk_p95_mps3": 310487.6079670389,
    "smoothness_count": 3062,
    "step_max_m": 0.24064401192554308,
    "step_mean_m": 0.03722999051133253,
    "step_p95_m": 0.06631188481784053,
    "velocity_delta_max_mps": 39.74443037161629,
    "velocity_delta_p95_mps": 7.957468481353913
  },
  "stats": {
    "count": 3063,
    "max_m": 1.003166286022144,
    "mean_m": 0.433558086280071,
    "mse_m2": 0.2361842846384227,
    "p95_m": 0.8312098202585073,
    "rmse_m": 0.48598794700941167
  },
  "window_end_s": 32.0,
  "window_start_s": 8.0
}