{
  "csv": "results/data2_odom_ablation_40s/window_stats_current/data2_first_order_cutoff5_cov025_alpha07_w3_ekf_vs_hidden_odom_window_errors.csv",
  "figure": "results/data2_odom_ablation_40s/window_stats_current/data2_first_order_cutoff5_cov025_alpha07_w3_ekf_vs_hidden_odom_window_stats.png",
  "label": "data2_first_order_cutoff5_cov025_alpha07_w3",
  "metadata": {
    "bag": "results/data2_odom_ablation_40s/data2_40s_odom_header_dropout_8_32.bag",
    "bag_start_s": 1781254165.299333,
    "ekf_samples": 5093,
    "ekf_topic": "/ekf/ekf_odom",
    "gnss_velocity_update_count": 11,
    "max_dt_s": 0.04,
    "odom_lost_count": 21,
    "odom_weak_count": 3,
    "reference_samples": 1200,
    "reference_topic": "/ground_truth/odom",
    "reset_count": 0
  },
  "smoothness": {
    "jerk_max_mps3": 1838363.903828787,
    "jerk_p95_mps3": 44346.24893576028,
    "smoothness_count": 3060,
    "step_max_m": 0.1230304316932164,
    "step_mean_m": 0.0324798611212172,
    "step_p95_m": 0.05867297087590701,
    "velocity_delta_max_mps": 5.187568547650331,
    "velocity_delta_p95_mps": 0.7999149896082026
  },
  "stats": {
    "count": 3061,
    "max_m": 1.6861306190870298,
    "mean_m": 0.5644229374175406,
    "mse_m2": 0.44851820465831027,
    "p95_m": 1.2728804654498018,
    "rmse_m": 0.6697150174949866
  },
  "window_end_s": 32.0,
  "window_start_s": 8.0
}