name,label,use_gnss,gnss_min_interval,gnss_min_cov_xy,gnss_min_cov_z,ekf_vs_odom_mean,ekf_vs_odom_p95,ekf_vs_odom_max,ekf_vs_gnss_mean,ekf_vs_gnss_p95,ekf_vs_gnss_max,ekf_step_p95,ekf_step_max,reset_count,gnss_reject_count,score
no_gnss,No GNSS,false,,,,0.08913739287313101,0.268986972363095,1.312688198104975,0.988820870340282,1.0842396099885294,2.284000734311415,0.03940748950548135,0.6504902397123977,0,0,0.6681745806118209
gnss_very_conservative,Weak GNSS,true,1.0,100.0,144.0,0.054410700790346406,0.1699571565660786,0.4937974101117876,0.09302451878491258,0.1817265544585813,0.47845898561444733,0.030500310911450123,0.19768582981542826,0,0,0.24881160608230712
gnss_conservative,Conservative,true,1.0,64.0,100.0,0.06742080368681665,0.21774912751475972,0.7517128236488337,0.3965260932350585,0.4795432824075562,1.1092012380238103,0.037929918004717386,0.2303958365006795,0,0,0.4045542353597631
gnss_medium,Medium,true,0.75,36.0,64.0,0.0579189169299018,0.22097869293617609,0.49891196283314637,0.09408830393845205,0.2214714400796649,0.4815298563930906,0.03398991268580427,0.20267175715701363,0,0,0.3154886533069609
gnss_balanced,Strong GNSS,true,0.5,16.0,25.0,0.061789537669943995,0.20948602100501112,0.6359602622614201,0.24924951906884055,0.3418736621874581,0.8374680896575183,0.03702889308576974,0.255789193356774,0,0,0.34765624931350636
