name,label,use_gnss,gnss_min_interval,gnss_min_cov_xy,gnss_min_cov_z,ekf_vs_odom_mean,ekf_vs_odom_p95,ekf_vs_odom_max,ekf_vs_gnss_mean,ekf_vs_gnss_p95,ekf_vs_gnss_max,ekf_step_p95,ekf_step_max,reset_count,odom_realign_count,odom_weak_count,gnss_reject_count,gnss_weak_count,score
no_gnss,No GNSS,false,,,,0.041756249810848765,0.10969599567499373,0.28314536453752165,18.819126575923125,44.54215648305611,47.00892354992494,0.024880742976180276,0.09456183219151405,0,4,4,0,0,15.71189113623272
gnss_very_conservative,Weak GNSS,true,1.0,100.0,144.0,0.041717858423430516,0.10981388941772328,0.2831043101927721,18.8191032226293,44.542284065367944,47.00888860803765,0.02485566883158048,0.09512948200957635,0,4,4,69,0,15.712041146712293
gnss_conservative,Conservative,true,1.0,64.0,100.0,0.04175793559939123,0.11000056675424488,0.2830904560780186,18.819141422583186,44.542278162563846,47.00890267413182,0.024845915151707375,0.09513457962663535,0,4,4,71,0,15.712220881227443
gnss_medium,Medium,true,0.75,36.0,64.0,0.041720660327309166,0.10943716774439104,0.2831220133798087,18.81906168038592,44.542157951809536,47.00892405477852,0.024935923946419178,0.09482258763714847,0,4,4,70,0,15.711660412850936
gnss_balanced,Strong GNSS,true,0.5,16.0,25.0,0.041762173710801334,0.10980068289637454,0.283197946780623,18.81903025473293,44.542265886174675,47.00893685529889,0.024880797790721818,0.09590364039620448,0,4,4,71,0,15.71203414195287
