{
  "csv": "results/odom_ablation_40s/window_stats_current/data_rebased_gnss_vel_cov02_alpha08_w3_ekf_vs_hidden_odom_window_errors.csv",
  "figure": "results/odom_ablation_40s/window_stats_current/data_rebased_gnss_vel_cov02_alpha08_w3_ekf_vs_hidden_odom_window_stats.png",
  "label": "data_rebased_gnss_vel_cov02_alpha08_w3",
  "metadata": {
    "bag": "results/odom_ablation_40s/data_95_135s_rebased_odom_header_dropout_8_32.bag",
    "bag_start_s": 1781253975.5618467,
    "ekf_samples": 5085,
    "ekf_topic": "/ekf/ekf_odom",
    "gnss_velocity_update_count": 11,
    "max_dt_s": 0.04,
    "odom_lost_count": 22,
    "odom_weak_count": 1,
    "reference_samples": 1199,
    "reference_topic": "/ground_truth/odom",
    "reset_count": 0
  },
  "smoothness": {
    "jerk_max_mps3": 173115.26580028594,
    "jerk_p95_mps3": 2630.186301495906,
    "smoothness_count": 3059,
    "step_max_m": 0.03839471102149495,
    "step_mean_m": 0.013657973624128131,
    "step_p95_m": 0.023317510022663766,
    "velocity_delta_max_mps": 2.19413877539399,
    "velocity_delta_p95_mps": 0.17572837066012656
  },
  "stats": {
    "count": 3060,
    "max_m": 0.5879284821683444,
    "mean_m": 0.2897266329840179,
    "mse_m2": 0.09672655665914301,
    "p95_m": 0.5098904870665818,
    "rmse_m": 0.31100893340729463
  },
  "window_end_s": 32.0,
  "window_start_s": 8.0
}