{
  "csv": "results/odom_ablation_40s/window_stats_current/data_10_50_best_filter_ekf_vs_hidden_odom_window_errors.csv",
  "figure": "results/odom_ablation_40s/window_stats_current/data_10_50_best_filter_ekf_vs_hidden_odom_window_stats.png",
  "label": "data_10_50_best_filter",
  "metadata": {
    "bag": "results/odom_ablation_40s/candidates/data_10_50s_odom_header_dropout_8_32.bag",
    "bag_start_s": 1781253890.570864,
    "ekf_samples": 5004,
    "ekf_topic": "/ekf/ekf_odom",
    "gnss_velocity_update_count": 11,
    "max_dt_s": 0.04,
    "odom_lost_count": 21,
    "odom_weak_count": 1,
    "reference_samples": 1199,
    "reference_topic": "/ground_truth/odom",
    "reset_count": 0
  },
  "smoothness": {
    "jerk_max_mps3": 29961.010635910385,
    "jerk_p95_mps3": 2862.660717243428,
    "smoothness_count": 3045,
    "step_max_m": 0.03354983294040698,
    "step_mean_m": 0.01029362972516448,
    "step_p95_m": 0.019384774136910136,
    "velocity_delta_max_mps": 0.7500052452087921,
    "velocity_delta_p95_mps": 0.15629609582158083
  },
  "stats": {
    "count": 3046,
    "max_m": 0.33679228458957144,
    "mean_m": 0.11635531402766773,
    "mse_m2": 0.017163281605090137,
    "p95_m": 0.22966305750877503,
    "rmse_m": 0.13100870812694146
  },
  "window_end_s": 32.0,
  "window_start_s": 8.0
}