{
  "csv": "results/odom_ablation_40s/window_stats_current/data_rebased_balanced_output_cov025_alpha07_ekf_vs_hidden_odom_window_errors.csv",
  "figure": "results/odom_ablation_40s/window_stats_current/data_rebased_balanced_output_cov025_alpha07_ekf_vs_hidden_odom_window_stats.png",
  "label": "data_rebased_balanced_output_cov025_alpha07",
  "metadata": {
    "bag": "results/odom_ablation_40s/data_95_135s_rebased_odom_header_dropout_8_32.bag",
    "bag_start_s": 1781253975.5618467,
    "ekf_samples": 5074,
    "ekf_topic": "/ekf/ekf_odom",
    "gnss_velocity_update_count": 11,
    "max_dt_s": 0.04,
    "odom_lost_count": 22,
    "odom_weak_count": 1,
    "reference_samples": 1199,
    "reference_topic": "/ground_truth/odom",
    "reset_count": 0
  },
  "smoothness": {
    "jerk_max_mps3": 207433.23957692354,
    "jerk_p95_mps3": 4110.393177535656,
    "smoothness_count": 3059,
    "step_max_m": 0.03861143745897703,
    "step_mean_m": 0.013606050247181152,
    "step_p95_m": 0.023099482994635653,
    "velocity_delta_max_mps": 3.4221959811424245,
    "velocity_delta_p95_mps": 0.22410457463693334
  },
  "stats": {
    "count": 3060,
    "max_m": 0.6586202718416779,
    "mean_m": 0.332103313959329,
    "mse_m2": 0.12705030170218728,
    "p95_m": 0.5722574501544593,
    "rmse_m": 0.35644116162725553
  },
  "window_end_s": 32.0,
  "window_start_s": 8.0
}