{
  "csv": "results/odom_ablation_40s/window_stats_current/data_15_55_live_no_smoothing_ekf_vs_hidden_odom_window_errors.csv",
  "figure": "results/odom_ablation_40s/window_stats_current/data_15_55_live_no_smoothing_ekf_vs_hidden_odom_window_stats.png",
  "label": "data_15_55_live_no_smoothing",
  "metadata": {
    "bag": "results/odom_ablation_40s/candidates/data_15_55s_odom_header_dropout_8_32.bag",
    "bag_start_s": 1781253895.5763953,
    "ekf_samples": 5074,
    "ekf_topic": "/ekf/ekf_odom",
    "gnss_velocity_update_count": 11,
    "max_dt_s": 0.04,
    "odom_lost_count": 21,
    "odom_weak_count": 1,
    "reference_samples": 1199,
    "reference_topic": "/ground_truth/odom",
    "reset_count": 0
  },
  "smoothness": {
    "jerk_max_mps3": 3797004.583760889,
    "jerk_p95_mps3": 122282.99285721581,
    "smoothness_count": 3046,
    "step_max_m": 0.14211606107760705,
    "step_mean_m": 0.012190250487067972,
    "step_p95_m": 0.02218421302828865,
    "velocity_delta_max_mps": 25.490662727951364,
    "velocity_delta_p95_mps": 3.1566221905457668
  },
  "stats": {
    "count": 3047,
    "max_m": 0.3128470654474769,
    "mean_m": 0.10783065177368276,
    "mse_m2": 0.015070156654954665,
    "p95_m": 0.2118025158111692,
    "rmse_m": 0.12276056636784739
  },
  "window_end_s": 32.0,
  "window_start_s": 8.0
}