{
  "csv": "results/odom_ablation_40s/window_stats_current/data_rebased_gnss_vel_cov01_alpha05_ekf_vs_hidden_odom_window_errors.csv",
  "figure": "results/odom_ablation_40s/window_stats_current/data_rebased_gnss_vel_cov01_alpha05_ekf_vs_hidden_odom_window_stats.png",
  "label": "data_rebased_gnss_vel_cov01_alpha05",
  "metadata": {
    "bag": "results/odom_ablation_40s/data_95_135s_rebased_odom_header_dropout_8_32.bag",
    "bag_start_s": 1781253975.5618467,
    "ekf_samples": 5085,
    "ekf_topic": "/ekf/ekf_odom",
    "gnss_velocity_update_count": 11,
    "max_dt_s": 0.04,
    "odom_lost_count": 22,
    "odom_weak_count": 1,
    "reference_samples": 1199,
    "reference_topic": "/ground_truth/odom",
    "reset_count": 0
  },
  "smoothness": {
    "jerk_max_mps3": 172253.70965380387,
    "jerk_p95_mps3": 2117.420466638355,
    "smoothness_count": 3059,
    "step_max_m": 0.03493306808877605,
    "step_mean_m": 0.01343569178196781,
    "step_p95_m": 0.022379767928915863,
    "velocity_delta_max_mps": 2.2562162612386136,
    "velocity_delta_p95_mps": 0.1278483880594166
  },
  "stats": {
    "count": 3060,
    "max_m": 0.5499958436964147,
    "mean_m": 0.2889212450992773,
    "mse_m2": 0.09511751308615027,
    "p95_m": 0.4989211254650125,
    "rmse_m": 0.3084112726314495
  },
  "window_end_s": 32.0,
  "window_start_s": 8.0
}