{
  "csv": "results/odom_ablation_40s/window_stats_current/data_rebased_gnss_vel_cov025_alpha07_ekf_vs_hidden_odom_window_errors.csv",
  "figure": "results/odom_ablation_40s/window_stats_current/data_rebased_gnss_vel_cov025_alpha07_ekf_vs_hidden_odom_window_stats.png",
  "label": "data_rebased_gnss_vel_cov025_alpha07",
  "metadata": {
    "bag": "results/odom_ablation_40s/data_95_135s_rebased_odom_header_dropout_8_32.bag",
    "bag_start_s": 1781253975.5618467,
    "ekf_samples": 5104,
    "ekf_topic": "/ekf/ekf_odom",
    "gnss_velocity_update_count": 10,
    "max_dt_s": 0.04,
    "odom_lost_count": 22,
    "odom_weak_count": 1,
    "reference_samples": 1199,
    "reference_topic": "/ground_truth/odom",
    "reset_count": 0
  },
  "smoothness": {
    "jerk_max_mps3": 181481.37484208032,
    "jerk_p95_mps3": 2620.433947817814,
    "smoothness_count": 3059,
    "step_max_m": 0.03725478629492397,
    "step_mean_m": 0.013593097001956001,
    "step_p95_m": 0.02300914608502437,
    "velocity_delta_max_mps": 2.416703301547751,
    "velocity_delta_p95_mps": 0.1674719070868867
  },
  "stats": {
    "count": 3060,
    "max_m": 0.4344562564512094,
    "mean_m": 0.19673119513621382,
    "mse_m2": 0.04559696132764383,
    "p95_m": 0.3629639457269425,
    "rmse_m": 0.21353444997855459
  },
  "window_end_s": 32.0,
  "window_start_s": 8.0
}