{
  "csv": "results/odom_ablation_40s/window_stats_current/data_rebased_gnss_vel_cov05_alpha10_w2_ekf_vs_hidden_odom_window_errors.csv",
  "figure": "results/odom_ablation_40s/window_stats_current/data_rebased_gnss_vel_cov05_alpha10_w2_ekf_vs_hidden_odom_window_stats.png",
  "label": "data_rebased_gnss_vel_cov05_alpha10_w2",
  "metadata": {
    "bag": "results/odom_ablation_40s/data_95_135s_rebased_odom_header_dropout_8_32.bag",
    "bag_start_s": 1781253975.5618467,
    "ekf_samples": 5057,
    "ekf_topic": "/ekf/ekf_odom",
    "gnss_velocity_update_count": 11,
    "max_dt_s": 0.04,
    "odom_lost_count": 21,
    "odom_weak_count": 1,
    "reference_samples": 1199,
    "reference_topic": "/ground_truth/odom",
    "reset_count": 0
  },
  "smoothness": {
    "jerk_max_mps3": 170519.60032786726,
    "jerk_p95_mps3": 4388.261201759977,
    "smoothness_count": 3059,
    "step_max_m": 0.049445896890600756,
    "step_mean_m": 0.014524975218726229,
    "step_p95_m": 0.026708004994029255,
    "velocity_delta_max_mps": 2.398734539135817,
    "velocity_delta_p95_mps": 0.42944473372014436
  },
  "stats": {
    "count": 3060,
    "max_m": 0.7269399151472447,
    "mean_m": 0.3915791905106629,
    "mse_m2": 0.17280623236519677,
    "p95_m": 0.6487625235214713,
    "rmse_m": 0.41569969011919744
  },
  "window_end_s": 32.0,
  "window_start_s": 8.0
}