{
  "csv": "results/odom_ablation_40s/window_stats_current/data_rebased_gnss_vel_cov025_alpha08_w4_ekf_vs_hidden_odom_window_errors.csv",
  "figure": "results/odom_ablation_40s/window_stats_current/data_rebased_gnss_vel_cov025_alpha08_w4_ekf_vs_hidden_odom_window_stats.png",
  "label": "data_rebased_gnss_vel_cov025_alpha08_w4",
  "metadata": {
    "bag": "results/odom_ablation_40s/data_95_135s_rebased_odom_header_dropout_8_32.bag",
    "bag_start_s": 1781253975.5618467,
    "ekf_samples": 5074,
    "ekf_topic": "/ekf/ekf_odom",
    "gnss_velocity_update_count": 11,
    "max_dt_s": 0.04,
    "odom_lost_count": 21,
    "odom_weak_count": 1,
    "reference_samples": 1199,
    "reference_topic": "/ground_truth/odom",
    "reset_count": 0
  },
  "smoothness": {
    "jerk_max_mps3": 148951.54522265133,
    "jerk_p95_mps3": 2230.535674691095,
    "smoothness_count": 3059,
    "step_max_m": 0.03493667097543181,
    "step_mean_m": 0.013530970392065021,
    "step_p95_m": 0.02259447694526681,
    "velocity_delta_max_mps": 2.405994234640174,
    "velocity_delta_p95_mps": 0.1285961946532892
  },
  "stats": {
    "count": 3060,
    "max_m": 0.6757824960643136,
    "mean_m": 0.34294854314761863,
    "mse_m2": 0.13597217258937,
    "p95_m": 0.5966357093203762,
    "rmse_m": 0.36874404753076356
  },
  "window_end_s": 32.0,
  "window_start_s": 8.0
}