{
  "csv": "results/odom_ablation_40s/window_stats_current/data_rebased_gnss_pos_stronger_cov025_alpha07_ekf_vs_hidden_odom_window_errors.csv",
  "figure": "results/odom_ablation_40s/window_stats_current/data_rebased_gnss_pos_stronger_cov025_alpha07_ekf_vs_hidden_odom_window_stats.png",
  "label": "data_rebased_gnss_pos_stronger_cov025_alpha07",
  "metadata": {
    "bag": "results/odom_ablation_40s/data_95_135s_rebased_odom_header_dropout_8_32.bag",
    "bag_start_s": 1781253975.5618467,
    "ekf_samples": 5103,
    "ekf_topic": "/ekf/ekf_odom",
    "gnss_velocity_update_count": 10,
    "max_dt_s": 0.04,
    "odom_lost_count": 22,
    "odom_weak_count": 1,
    "reference_samples": 1199,
    "reference_topic": "/ground_truth/odom",
    "reset_count": 0
  },
  "smoothness": {
    "jerk_max_mps3": 148139.61163427687,
    "jerk_p95_mps3": 2394.4844677614146,
    "smoothness_count": 3059,
    "step_max_m": 0.037414908914539226,
    "step_mean_m": 0.013611186522055849,
    "step_p95_m": 0.023033992731730256,
    "velocity_delta_max_mps": 2.3929416824445555,
    "velocity_delta_p95_mps": 0.15909713947305792
  },
  "stats": {
    "count": 3060,
    "max_m": 0.4472078040283913,
    "mean_m": 0.20971766673954578,
    "mse_m2": 0.05119953121937042,
    "p95_m": 0.3703643720195881,
    "rmse_m": 0.22627313410869268
  },
  "window_end_s": 32.0,
  "window_start_s": 8.0
}