{
  "csv": "results/odom_ablation_40s/window_stats_current/data_40_80_best_filter_ekf_vs_hidden_odom_window_errors.csv",
  "figure": "results/odom_ablation_40s/window_stats_current/data_40_80_best_filter_ekf_vs_hidden_odom_window_stats.png",
  "label": "data_40_80_best_filter",
  "metadata": {
    "bag": "results/odom_ablation_40s/candidates/data_40_80s_odom_header_dropout_8_32.bag",
    "bag_start_s": 1781253920.5690618,
    "ekf_samples": 5027,
    "ekf_topic": "/ekf/ekf_odom",
    "gnss_velocity_update_count": 11,
    "max_dt_s": 0.04,
    "odom_lost_count": 21,
    "odom_weak_count": 1,
    "reference_samples": 1200,
    "reference_topic": "/ground_truth/odom",
    "reset_count": 0
  },
  "smoothness": {
    "jerk_max_mps3": 2066083.0213572448,
    "jerk_p95_mps3": 2916.3582931325145,
    "smoothness_count": 3049,
    "step_max_m": 0.03786318834650269,
    "step_mean_m": 0.011924873896192801,
    "step_p95_m": 0.02083202885340486,
    "velocity_delta_max_mps": 2.4668681254775504,
    "velocity_delta_p95_mps": 0.18350317704511396
  },
  "stats": {
    "count": 3050,
    "max_m": 0.6381880606949646,
    "mean_m": 0.20955469994201723,
    "mse_m2": 0.06306802429548775,
    "p95_m": 0.5496008324338736,
    "rmse_m": 0.25113347904150046
  },
  "window_end_s": 32.0,
  "window_start_s": 8.0
}