{
  "csv": "results/odom_ablation_40s/window_stats_current/data_30_70_best_filter_ekf_vs_hidden_odom_window_errors.csv",
  "figure": "results/odom_ablation_40s/window_stats_current/data_30_70_best_filter_ekf_vs_hidden_odom_window_stats.png",
  "label": "data_30_70_best_filter",
  "metadata": {
    "bag": "results/odom_ablation_40s/candidates/data_30_70s_odom_header_dropout_8_32.bag",
    "bag_start_s": 1781253910.569027,
    "ekf_samples": 5013,
    "ekf_topic": "/ekf/ekf_odom",
    "gnss_velocity_update_count": 11,
    "max_dt_s": 0.04,
    "odom_lost_count": 22,
    "odom_weak_count": 1,
    "reference_samples": 1200,
    "reference_topic": "/ground_truth/odom",
    "reset_count": 0
  },
  "smoothness": {
    "jerk_max_mps3": 1921840.4785677074,
    "jerk_p95_mps3": 2382.6986025379597,
    "smoothness_count": 3049,
    "step_max_m": 0.03685144467674027,
    "step_mean_m": 0.012064549903679845,
    "step_p95_m": 0.02079831520488221,
    "velocity_delta_max_mps": 1.9120101734911596,
    "velocity_delta_p95_mps": 0.15453137547762644
  },
  "stats": {
    "count": 3050,
    "max_m": 0.5367311827583918,
    "mean_m": 0.20039327420746014,
    "mse_m2": 0.04642860114838058,
    "p95_m": 0.3517648959231451,
    "rmse_m": 0.21547297080696823
  },
  "window_end_s": 32.0,
  "window_start_s": 8.0
}