{
  "csv": "results/odom_ablation_40s/window_stats_current/data_65_105_best_filter_ekf_vs_hidden_odom_window_errors.csv",
  "figure": "results/odom_ablation_40s/window_stats_current/data_65_105_best_filter_ekf_vs_hidden_odom_window_stats.png",
  "label": "data_65_105_best_filter",
  "metadata": {
    "bag": "results/odom_ablation_40s/candidates/data_65_105s_odom_header_dropout_8_32.bag",
    "bag_start_s": 1781253945.569144,
    "ekf_samples": 5050,
    "ekf_topic": "/ekf/ekf_odom",
    "gnss_velocity_update_count": 11,
    "max_dt_s": 0.04,
    "odom_lost_count": 22,
    "odom_weak_count": 1,
    "reference_samples": 1200,
    "reference_topic": "/ground_truth/odom",
    "reset_count": 0
  },
  "smoothness": {
    "jerk_max_mps3": 62378.20479941638,
    "jerk_p95_mps3": 3736.7639786281607,
    "smoothness_count": 3047,
    "step_max_m": 0.054750498406885555,
    "step_mean_m": 0.01180853975596654,
    "step_p95_m": 0.022888522634730755,
    "velocity_delta_max_mps": 1.4183513939399428,
    "velocity_delta_p95_mps": 0.24770421715677007
  },
  "stats": {
    "count": 3048,
    "max_m": 1.5044873713550238,
    "mean_m": 0.45208317641106577,
    "mse_m2": 0.29180276636848657,
    "p95_m": 1.110056698149989,
    "rmse_m": 0.5401877140110525
  },
  "window_end_s": 32.0,
  "window_start_s": 8.0
}