{
  "bag": "/home/zcl/datasets/rssi_rtk/A_w_project_topics.bag",
  "best": "no_gnss",
  "evaluator_topics": {
    "aligned_gnss_path": "/ekf/gnss_path",
    "ekf": "/ekf/ekf_odom",
    "gnss": "/mavros/global_position/global",
    "ground_truth": "/ground_truth/odom",
    "odom": "/mavros/odometry/in"
  },
  "extra_launch_args": [],
  "extra_play_args": [
    "-r",
    "2"
  ],
  "results": [
    {
      "metrics": {
        "ekf_count": 2515,
        "ekf_step_max": 0.05881534916876156,
        "ekf_step_p95": 0.04139382266276071,
        "ekf_vs_aligned_gnss": {
          "count": 503,
          "max": 24.027018663805464,
          "mean": 13.053231518905031,
          "p95": 23.422745596175858
        },
        "ekf_vs_ground_truth": {
          "count": 2324,
          "max": 1.3679890403639552,
          "mean": 0.7146765121078154,
          "p95": 1.194081591119338
        },
        "ekf_vs_node_gnss_path": {
          "count": 0,
          "max": null,
          "mean": null,
          "p95": null
        },
        "ekf_vs_odom": {
          "count": 2030,
          "max": 0.17481404407899587,
          "mean": 0.05129367565034492,
          "p95": 0.09991457092369466
        },
        "ekf_vs_rigid_gnss": {
          "count": 503,
          "max": 0.9366024552966341,
          "mean": 0.3978879554347348,
          "p95": 0.8359805897003493
        },
        "gnss_count": 127,
        "gnss_ground_truth_yaw_rad": 1.650501285290092,
        "gnss_reject_count": 0,
        "gnss_rigid_yaw_rad": 1.64740960410267,
        "gnss_weak_count": 0,
        "gnss_yaw_alignment_count": 0,
        "gps_vs_ground_truth": {
          "count": 111,
          "max": 1.1624064087162829,
          "mean": 0.6853995778157522,
          "p95": 1.118378370720339
        },
        "ground_truth_count": 588,
        "node_gnss_path_count": 0,
        "odom_count": 1269,
        "odom_realign_count": 0,
        "odom_vs_ground_truth": {
          "count": 1173,
          "max": 1.3271815363328154,
          "mean": 0.7022188517450889,
          "p95": 1.1915867125254653
        },
        "odom_weak_count": 0,
        "reset_count": 0,
        "score": 1.2154022220991867
      },
      "trial": {
        "name": "no_gnss",
        "use_gnss": "false"
      }
    },
    {
      "metrics": {
        "ekf_count": 2515,
        "ekf_step_max": 0.05881258770773104,
        "ekf_step_p95": 0.04139421953939708,
        "ekf_vs_aligned_gnss": {
          "count": 503,
          "max": 24.027021413841624,
          "mean": 13.053206985795974,
          "p95": 23.422745511145653
        },
        "ekf_vs_ground_truth": {
          "count": 2324,
          "max": 1.3679785733100793,
          "mean": 0.7146602212630879,
          "p95": 1.1940818792501322
        },
        "ekf_vs_node_gnss_path": {
          "count": 98,
          "max": 2.778627810164456,
          "mean": 1.540763678125977,
          "p95": 2.6765909149144673
        },
        "ekf_vs_odom": {
          "count": 2030,
          "max": 0.1748114257716415,
          "mean": 0.051297497182103455,
          "p95": 0.09992030440492196
        },
        "ekf_vs_rigid_gnss": {
          "count": 503,
          "max": 0.9364971486083481,
          "mean": 0.3979009280046261,
          "p95": 0.8358912672401554
        },
        "gnss_count": 127,
        "gnss_ground_truth_yaw_rad": 1.650501285290092,
        "gnss_reject_count": 0,
        "gnss_rigid_yaw_rad": 1.64741055060079,
        "gnss_weak_count": 0,
        "gnss_yaw_alignment_count": 1,
        "gps_vs_ground_truth": {
          "count": 111,
          "max": 1.1624064087162829,
          "mean": 0.6853995778157522,
          "p95": 1.118378370720339
        },
        "ground_truth_count": 588,
        "node_gnss_path_count": 25,
        "odom_count": 1269,
        "odom_realign_count": 0,
        "odom_vs_ground_truth": {
          "count": 1173,
          "max": 1.3271815363328154,
          "mean": 0.7022188517450889,
          "p95": 1.1915867125254653
        },
        "odom_weak_count": 0,
        "reset_count": 0,
        "score": 1.2154027807009975
      },
      "trial": {
        "gnss_min_cov_xy": "100.0",
        "gnss_min_cov_z": "144.0",
        "gnss_min_interval": "1.0",
        "name": "gnss_very_conservative",
        "use_gnss": "true"
      }
    },
    {
      "metrics": {
        "ekf_count": 2515,
        "ekf_step_max": 0.0588084525993411,
        "ekf_step_p95": 0.04151501644112855,
        "ekf_vs_aligned_gnss": {
          "count": 503,
          "max": 24.027029770170476,
          "mean": 13.05327163573951,
          "p95": 23.422749856935535
        },
        "ekf_vs_ground_truth": {
          "count": 2324,
          "max": 1.3680018135828003,
          "mean": 0.7146022838014757,
          "p95": 1.194111852750243
        },
        "ekf_vs_node_gnss_path": {
          "count": 98,
          "max": 2.778631065565924,
          "mean": 1.5407455581746226,
          "p95": 2.6765790797586493
        },
        "ekf_vs_odom": {
          "count": 2030,
          "max": 0.17481855966309587,
          "mean": 0.05135795275157606,
          "p95": 0.09992209068803466
        },
        "ekf_vs_rigid_gnss": {
          "count": 503,
          "max": 0.9365091896771036,
          "mean": 0.3979151005173756,
          "p95": 0.8358714556071244
        },
        "gnss_count": 127,
        "gnss_ground_truth_yaw_rad": 1.650501285290092,
        "gnss_reject_count": 0,
        "gnss_rigid_yaw_rad": 1.64742918110917,
        "gnss_weak_count": 0,
        "gnss_yaw_alignment_count": 1,
        "gps_vs_ground_truth": {
          "count": 111,
          "max": 1.1624064087162829,
          "mean": 0.6853995778157522,
          "p95": 1.118378370720339
        },
        "ground_truth_count": 588,
        "node_gnss_path_count": 25,
        "odom_count": 1269,
        "odom_realign_count": 0,
        "odom_vs_ground_truth": {
          "count": 1173,
          "max": 1.3271815363328154,
          "mean": 0.7022188517450889,
          "p95": 1.1915867125254653
        },
        "odom_weak_count": 0,
        "reset_count": 0,
        "score": 1.2155006460270017
      },
      "trial": {
        "gnss_min_cov_xy": "64.0",
        "gnss_min_cov_z": "100.0",
        "gnss_min_interval": "1.0",
        "name": "gnss_conservative",
        "use_gnss": "true"
      }
    },
    {
      "metrics": {
        "ekf_count": 2515,
        "ekf_step_max": 0.05880459518728142,
        "ekf_step_p95": 0.041496006272582875,
        "ekf_vs_aligned_gnss": {
          "count": 503,
          "max": 24.026921557886322,
          "mean": 13.053231740262449,
          "p95": 23.42275482243652
        },
        "ekf_vs_ground_truth": {
          "count": 2324,
          "max": 1.3679954969977959,
          "mean": 0.7147063974319905,
          "p95": 1.1941074724032181
        },
        "ekf_vs_node_gnss_path": {
          "count": 158,
          "max": 2.7786410209983936,
          "mean": 1.582421226228202,
          "p95": 2.617137216586828
        },
        "ekf_vs_odom": {
          "count": 2030,
          "max": 0.17482111315207244,
          "mean": 0.051338127889495905,
          "p95": 0.0999057246718551
        },
        "ekf_vs_rigid_gnss": {
          "count": 503,
          "max": 0.9365776630218831,
          "mean": 0.3978964920258892,
          "p95": 0.8359612960750725
        },
        "gnss_count": 127,
        "gnss_ground_truth_yaw_rad": 1.650501285290092,
        "gnss_reject_count": 0,
        "gnss_rigid_yaw_rad": 1.6474045754764097,
        "gnss_weak_count": 0,
        "gnss_yaw_alignment_count": 1,
        "gps_vs_ground_truth": {
          "count": 111,
          "max": 1.1624064087162829,
          "mean": 0.6853995778157522,
          "p95": 1.118378370720339
        },
        "ground_truth_count": 588,
        "node_gnss_path_count": 40,
        "odom_count": 1269,
        "odom_realign_count": 0,