{
  "bag": "results/odom_ablation_40s/data_40s_odom_header_dropout_8_32.bag",
  "best": "odom_dropout_gnss_takeover",
  "evaluator_topics": {
    "aligned_gnss_path": "/ekf/gnss_path",
    "ekf": "/ekf/ekf_odom",
    "gnss": "/ekf/aligned_gnss/fix",
    "ground_truth": "/ground_truth/odom",
    "odom": "/mavros/odometry/out"
  },
  "extra_launch_args": [
    "odom_primary_topic:=/mavros/odometry/out",
    "gnss_topic:=/ekf/aligned_gnss/fix",
    "use_gnss:=true",
    "enable_gnss_yaw_alignment:=false",
    "gnss_require_yaw_alignment_before_update:=false",
    "enable_gnss_velocity_when_odom_lost:=true",
    "odom_loss_timeout:=1.0",
    "gnss_min_interval:=0.1",
    "gnss_min_cov_xy:=0.25",
    "gnss_min_cov_z:=1.0",
    "gnss_cov_scale:=0.10",
    "position_cov:=0.05"
  ],
  "extra_play_args": [],
  "launch_file": "ekf_lidar.launch",
  "results": [
    {
      "metrics": {
        "ekf_count": 5087,
        "ekf_step_max": 0.6382779925455715,
        "ekf_step_p95": 0.1381034566232799,
        "ekf_vs_aligned_gnss": {
          "count": 5087,
          "max": 29.272741590960432,
          "mean": 4.097130289351709,
          "mse": 89.7922145731102,
          "p95": 25.885571587552562,
          "rmse": 9.475875398775049
        },
        "ekf_vs_ground_truth": {
          "count": 5087,
          "max": 29.278043555114678,
          "mean": 4.104147239564385,
          "mse": 89.99943018197771,
          "p95": 25.98379398092503,
          "rmse": 9.486802948410899
        },
        "ekf_vs_node_gnss_path": {
          "count": 4066,
          "max": 0.27968142544791263,
          "mean": 0.0949315369997246,
          "mse": 0.01193418674899011,
          "p95": 0.2112918823689645,
          "rmse": 0.10924370347525807
        },
        "ekf_vs_odom": {
          "count": 2043,
          "max": 29.278043555114678,
          "mean": 10.03607192637547,
          "mse": 224.06823463877765,
          "p95": 27.530409016028404,
          "rmse": 14.968908932810622
        },
        "ekf_vs_rigid_gnss": {
          "count": 5087,
          "max": 23.31878767832459,
          "mean": 5.987096030247287,
          "mse": 54.93881145801497,
          "p95": 16.13095190035885,
          "rmse": 7.412072008420788
        },
        "gnss_cold_start_count": 0,
        "gnss_count": 400,
        "gnss_ground_truth_yaw_rad": -8.259716599494795e-05,
        "gnss_motion_inconsistent_count": 8,
        "gnss_nis_isolated_count": 0,
        "gnss_nis_monitor_count": 0,
        "gnss_reject_count": 8,
        "gnss_rigid_yaw_rad": -0.8118813359948361,
        "gnss_velocity_update_count": 11,
        "gnss_weak_count": 0,
        "gnss_yaw_alignment_count": 0,
        "gps_vs_ground_truth": {
          "count": 1200,
          "max": 0.25261662269442237,
          "mean": 0.08826670397375969,
          "mse": 0.010721496988198876,
          "p95": 0.18431077414426866,
          "rmse": 0.10354466180445458
        },
        "ground_truth_count": 1200,
        "node_gnss_path_count": 196,
        "odom_count": 480,
        "odom_lost_count": 22,
        "odom_realign_count": 1,
        "odom_vs_ground_truth": {
          "count": 480,
          "max": 0.0,
          "mean": 0.0,
          "mse": 0.0,
          "p95": 0.0,
          "rmse": 0.0
        },
        "odom_weak_count": 7,
        "recovery_time_s": 0.0018434524536132812,
        "reset_count": 0,
        "score": 32.548794204467924,
        "vio_lost_count": 0,
        "vio_ready_count": 0,
        "vio_reset_detected_count": 0,
        "vio_waiting_count": 0
      },
      "trial": {
        "name": "odom_dropout_gnss_takeover"
      }
    }
  ]
}